{"22": {"ids": 22, "T": 0.05, "B": 4e-06, "ZF": 4e-06, "FF": 0.000224, "comm": "AWG"}, "23": {"ids": 23, "T": 0.05, "B": 1.65e-05, "ZF": 4e-06, "FF": 0.000224, "comm": "AWG"}, "24": {"ids": 24, "T": 0.05, "B": 2.9e-05, "ZF": 4e-06, "FF": 0.000224, "comm": "AWG"}, "25": {"ids": 25, "T": 0.05, "B": 4.1500000000000006e-05, "ZF": 4e-06, "FF": 0.000224, "comm": "AWG"}, "26": {"ids": 26, "T": 0.05, "B": 5.4000000000000005e-05, "ZF": 4e-06, "FF": 0.000224, "comm": "AWG"}, "27": {"ids": 27, "T": 0.05, "B": 6.65e-05, "ZF": 4e-06, "FF": 0.000224, "comm": "AWG"}, "28": {"ids": 28, "T": 0.05, "B": 7.900000000000001e-05, "ZF": 4e-06, "FF": 0.000224, "comm": "AWG"}, "29": {"ids": 29, "T": 0.05, "B": 9.15e-05, "ZF": 4e-06, "FF": 0.000224, "comm": "AWG"}, "30": {"ids": 30, "T": 0.05, "B": 0.00010400000000000001, "ZF": 4e-06, "FF": 0.000224, "comm": "AWG"}, "31": {"ids": 31, "T": 0.05, "B": 0.00011650000000000001, "ZF": 4e-06, "FF": 0.000224, "comm": "AWG"}, "32": {"ids": 32, "T": 0.05, "B": 0.000129, "ZF": 4e-06, "FF": 0.000224, "comm": "AWG"}, "33": {"ids": 33, "T": 0.05, "B": 0.0001415, "ZF": 4e-06, "FF": 0.000224, "comm": "AWG"}, "34": {"ids": 34, "T": 0.05, "B": 0.000154, "ZF": 4e-06, "FF": 0.000224, "comm": "AWG"}, "35": {"ids": 35, "T": 0.05, "B": 0.0001665, "ZF": 4e-06, "FF": 0.000224, "comm": "AWG"}, "36": {"ids": 36, "T": 0.05, "B": 0.000179, "ZF": 4e-06, "FF": 0.000224, "comm": "AWG"}, "37": {"ids": 37, "T": 0.05, "B": 0.0001915, "ZF": 4e-06, "FF": 0.000224, "comm": "AWG"}, "38": {"ids": 38, "T": 0.05, "B": 0.000204, "ZF": 4e-06, "FF": 0.000224, "comm": "AWG"}, "39": {"ids": 39, "T": 0.05, "B": 0.0002165, "ZF": 4e-06, "FF": 0.000224, "comm": "AWG"}, "40": {"ids": 40, "T": 0.05, "B": 0.000229, "ZF": 4e-06, "FF": 0.000224, "comm": "AWG"}, "41": {"ids": 41, "T": 0.05, "B": 0.0002415, "ZF": 4e-06, "FF": 0.000224, "comm": "AWG"}, "42": {"ids": 42, "T": 0.05, "B": 0.000254, "ZF": 4e-06, "FF": 0.000224, "comm": "AWG"}, "43": {"ids": 43, "T": 0.1, "B": 4e-06, "ZF": 4e-06, "FF": 0.000224, "comm": ""}, "44": {"ids": 44, "T": 0.1, "B": 1.65e-05, "ZF": 4e-06, "FF": 0.000224, "comm": ""}, "45": {"ids": 45, "T": 0.1, "B": 2.9e-05, "ZF": 4e-06, "FF": 0.000224, "comm": ""}, "46": {"ids": 46, "T": 0.1, "B": 4.1500000000000006e-05, "ZF": 4e-06, "FF": 0.000224, "comm": ""}, "47": {"ids": 47, "T": 0.1, "B": 5.4000000000000005e-05, "ZF": 4e-06, "FF": 0.000224, "comm": ""}, "48": {"ids": 48, "T": 0.1, "B": 6.65e-05, "ZF": 4e-06, "FF": 0.000224, "comm": ""}, "49": {"ids": 49, "T": 0.1, "B": 7.900000000000001e-05, "ZF": 4e-06, "FF": 0.000224, "comm": ""}, "50": {"ids": 50, "T": 0.1, "B": 9.15e-05, "ZF": 4e-06, "FF": 0.000224, "comm": ""}, "51": {"ids": 51, "T": 0.1, "B": 0.00010400000000000001, "ZF": 4e-06, "FF": 0.000224, "comm": ""}, "52": {"ids": 52, "T": 0.1, "B": 0.00011650000000000001, "ZF": 4e-06, "FF": 0.000224, "comm": ""}, "53": {"ids": 53, "T": 0.1, "B": 0.000129, "ZF": 4e-06, "FF": 0.000224, "comm": ""}, "54": {"ids": 54, "T": 0.1, "B": 0.0001415, "ZF": 4e-06, "FF": 0.000224, "comm": ""}, "55": {"ids": 55, "T": 0.1, "B": 0.000154, "ZF": 4e-06, "FF": 0.000224, "comm": ""}, "56": {"ids": 56, "T": 0.1, "B": 0.0001665, "ZF": 4e-06, "FF": 0.000224, "comm": ""}, "57": {"ids": 57, "T": 0.1, "B": 0.000179, "ZF": 4e-06, "FF": 0.000224, "comm": ""}, "58": {"ids": 58, "T": 0.1, "B": 0.0001915, "ZF": 4e-06, "FF": 0.000224, "comm": ""}, "59": {"ids": 59, "T": 0.1, "B": 0.000204, "ZF": 4e-06, "FF": 0.000224, "comm": ""}, "60": {"ids": 60, "T": 0.1, "B": 0.0002165, "ZF": 4e-06, "FF": 0.000224, "comm": ""}, "61": {"ids": 61, "T": 0.1, "B": 0.000229, "ZF": 4e-06, "FF": 0.000224, "comm": ""}, "62": {"ids": 62, "T": 0.1, "B": 0.0002415, "ZF": 4e-06, "FF": 0.000224, "comm": ""}, "63": {"ids": 63, "T": 0.1, "B": 0.000254, "ZF": 4e-06, "FF": 0.000224, "comm": ""}}